trial,testing,parameters,initial_deadline,final_deadline,net_reward,actions,success
1,False,"{'a': 0.5, 'e': 0.99}",20,0,-75.93083870650374,"{0: 10, 1: 4, 2: 5, 3: 1, 4: 0}",0
2,False,"{'a': 0.5, 'e': 0.9801}",30,0,-82.32993736398477,"{0: 21, 1: 3, 2: 3, 3: 3, 4: 0}",0
3,False,"{'a': 0.5, 'e': 0.970299}",20,0,-80.44624519901399,"{0: 12, 1: 3, 2: 4, 3: 0, 4: 1}",0
4,False,"{'a': 0.5, 'e': 0.96059601}",25,0,-125.8940760824012,"{0: 15, 1: 3, 2: 5, 3: 0, 4: 2}",0
5,False,"{'a': 0.5, 'e': 0.9509900498999999}",25,0,-167.17897674777592,"{0: 11, 1: 4, 2: 8, 3: 0, 4: 2}",0
6,False,"{'a': 0.5, 'e': 0.941480149401}",25,0,-106.12694851809846,"{0: 18, 1: 1, 2: 3, 3: 1, 4: 2}",0
7,False,"{'a': 0.5, 'e': 0.9320653479069899}",20,0,-95.54556840013991,"{0: 10, 1: 3, 2: 5, 3: 2, 4: 0}",0
8,False,"{'a': 0.5, 'e': 0.9227446944279201}",20,0,-63.1669158522502,"{0: 14, 1: 0, 2: 4, 3: 2, 4: 0}",0
9,False,"{'a': 0.5, 'e': 0.9135172474836408}",25,0,-81.53091682518483,"{0: 17, 1: 3, 2: 3, 3: 1, 4: 1}",0
10,False,"{'a': 0.5, 'e': 0.9043820750088044}",20,0,-129.4296937763749,"{0: 11, 1: 1, 2: 6, 3: 0, 4: 2}",0
11,False,"{'a': 0.5, 'e': 0.8953382542587164}",20,11,-25.992385415113468,"{0: 8, 1: 0, 2: 0, 3: 0, 4: 1}",1
12,False,"{'a': 0.5, 'e': 0.8863848717161292}",25,0,-92.95210295995271,"{0: 17, 1: 1, 2: 5, 3: 1, 4: 1}",0
13,False,"{'a': 0.5, 'e': 0.8775210229989678}",25,0,-39.339095563573586,"{0: 20, 1: 0, 2: 4, 3: 1, 4: 0}",0
14,False,"{'a': 0.5, 'e': 0.8687458127689782}",25,0,-199.09789314267124,"{0: 11, 1: 2, 2: 8, 3: 2, 4: 2}",0
15,False,"{'a': 0.5, 'e': 0.8600583546412884}",20,0,-114.01416171965283,"{0: 10, 1: 2, 2: 6, 3: 1, 4: 1}",0
16,False,"{'a': 0.5, 'e': 0.8514577710948755}",30,0,-100.25293863568135,"{0: 20, 1: 4, 2: 4, 3: 1, 4: 1}",0
17,False,"{'a': 0.5, 'e': 0.8429431933839268}",25,0,-82.11303279185167,"{0: 15, 1: 2, 2: 7, 3: 1, 4: 0}",0
18,False,"{'a': 0.5, 'e': 0.8345137614500875}",25,0,-50.606851364786,"{0: 17, 1: 4, 2: 3, 3: 1, 4: 0}",0
19,False,"{'a': 0.5, 'e': 0.8261686238355866}",30,5,-107.10963415869854,"{0: 17, 1: 2, 2: 2, 3: 3, 4: 1}",1
20,False,"{'a': 0.5, 'e': 0.8179069375972308}",20,0,-119.63636149445055,"{0: 13, 1: 1, 2: 3, 3: 1, 4: 2}",1
21,False,"{'a': 0.5, 'e': 0.8097278682212584}",25,4,-114.00485008974287,"{0: 15, 1: 1, 2: 2, 3: 0, 4: 3}",1
22,False,"{'a': 0.5, 'e': 0.8016305895390459}",35,16,-72.04439206059054,"{0: 12, 1: 1, 2: 3, 3: 3, 4: 0}",1
23,False,"{'a': 0.5, 'e': 0.7936142836436554}",25,10,-41.13132508778089,"{0: 12, 1: 0, 2: 2, 3: 0, 4: 1}",1
24,False,"{'a': 0.5, 'e': 0.7856781408072188}",30,0,-58.35219742198516,"{0: 22, 1: 3, 2: 3, 3: 2, 4: 0}",0
25,False,"{'a': 0.5, 'e': 0.7778213593991467}",25,0,-108.23280538670322,"{0: 17, 1: 3, 2: 3, 3: 0, 4: 2}",0
26,False,"{'a': 0.5, 'e': 0.7700431458051551}",20,0,-149.1602355031012,"{0: 11, 1: 3, 2: 3, 3: 0, 4: 3}",0
27,False,"{'a': 0.5, 'e': 0.7623427143471035}",30,0,-51.73840955160016,"{0: 22, 1: 1, 2: 7, 3: 0, 4: 0}",1
28,False,"{'a': 0.5, 'e': 0.7547192872036326}",25,0,-121.04624143324493,"{0: 15, 1: 3, 2: 4, 3: 2, 4: 1}",0
29,False,"{'a': 0.5, 'e': 0.7471720943315961}",20,0,-37.74209629785463,"{0: 17, 1: 0, 2: 2, 3: 0, 4: 1}",0
30,False,"{'a': 0.5, 'e': 0.7397003733882802}",20,0,-5.719393660541261,"{0: 17, 1: 1, 2: 2, 3: 0, 4: 0}",0
31,False,"{'a': 0.5, 'e': 0.7323033696543975}",20,11,-61.442452107658326,"{0: 6, 1: 0, 2: 1, 3: 1, 4: 1}",1
32,False,"{'a': 0.5, 'e': 0.7249803359578534}",30,0,-141.96171195286888,"{0: 19, 1: 0, 2: 8, 3: 2, 4: 1}",0
33,False,"{'a': 0.5, 'e': 0.7177305325982749}",25,0,-69.55863376757024,"{0: 16, 1: 0, 2: 9, 3: 0, 4: 0}",0
34,False,"{'a': 0.5, 'e': 0.7105532272722921}",20,0,-53.282692267970454,"{0: 16, 1: 1, 2: 1, 3: 1, 4: 1}",0
35,False,"{'a': 0.5, 'e': 0.7034476949995692}",30,2,-83.25413152041735,"{0: 20, 1: 1, 2: 5, 3: 1, 4: 1}",1
36,False,"{'a': 0.5, 'e': 0.6964132180495735}",20,0,-72.8857491279118,"{0: 16, 1: 1, 2: 1, 3: 0, 4: 2}",0
37,False,"{'a': 0.5, 'e': 0.6894490858690777}",20,0,-15.512941655932972,"{0: 16, 1: 1, 2: 3, 3: 0, 4: 0}",0
38,False,"{'a': 0.5, 'e': 0.682554595010387}",20,0,-129.14367894351426,"{0: 11, 1: 1, 2: 6, 3: 0, 4: 2}",0
39,False,"{'a': 0.5, 'e': 0.6757290490602831}",20,0,-47.794533499240934,"{0: 14, 1: 0, 2: 5, 3: 1, 4: 0}",0
40,False,"{'a': 0.5, 'e': 0.6689717585696803}",20,9,-72.53787242719454,"{0: 6, 1: 1, 2: 2, 3: 1, 4: 1}",1
41,False,"{'a': 0.5, 'e': 0.6622820409839835}",20,0,-90.63716975453603,"{0: 13, 1: 1, 2: 4, 3: 1, 4: 1}",0
42,False,"{'a': 0.5, 'e': 0.6556592205741436}",20,0,-36.32036781438442,"{0: 14, 1: 1, 2: 5, 3: 0, 4: 0}",0
43,False,"{'a': 0.5, 'e': 0.6491026283684022}",30,0,-157.47260062583186,"{0: 21, 1: 1, 2: 4, 3: 1, 4: 3}",0
44,False,"{'a': 0.5, 'e': 0.6426116020847181}",20,0,-50.28691547664556,"{0: 16, 1: 1, 2: 1, 3: 1, 4: 1}",0
45,False,"{'a': 0.5, 'e': 0.6361854860638709}",20,3,11.50156962176521,"{0: 15, 1: 2, 2: 0, 3: 0, 4: 0}",1
46,False,"{'a': 0.5, 'e': 0.6298236312032323}",30,22,-6.933314051173059,"{0: 7, 1: 0, 2: 0, 3: 1, 4: 0}",1
47,False,"{'a': 0.5, 'e': 0.6235253948912}",20,0,12.537740629401005,"{0: 18, 1: 2, 2: 0, 3: 0, 4: 0}",0
48,False,"{'a': 0.5, 'e': 0.617290140942288}",20,0,-51.044485753891976,"{0: 14, 1: 0, 2: 5, 3: 1, 4: 0}",0
49,False,"{'a': 0.5, 'e': 0.611117239532865}",20,0,-83.7672019537576,"{0: 14, 1: 0, 2: 4, 3: 1, 4: 1}",0
50,False,"{'a': 0.5, 'e': 0.6050060671375364}",30,0,-31.12755252025781,"{0: 27, 1: 0, 2: 1, 3: 1, 4: 1}",0
51,False,"{'a': 0.5, 'e': 0.598956006466161}",25,16,-17.679663963376377,"{0: 7, 1: 0, 2: 1, 3: 1, 4: 0}",1
52,False,"{'a': 0.5, 'e': 0.5929664464014994}",30,0,-66.80318645827185,"{0: 22, 1: 2, 2: 4, 3: 2, 4: 0}",0
53,False,"{'a': 0.5, 'e': 0.5870367819374844}",25,6,-36.314640303812325,"{0: 15, 1: 1, 2: 1, 3: 2, 4: 0}",1
54,False,"{'a': 0.5, 'e': 0.5811664141181095}",20,0,-43.7665774307782,"{0: 16, 1: 0, 2: 3, 3: 0, 4: 1}",0
55,False,"{'a': 0.5, 'e': 0.5753547499769285}",25,0,-72.60978140442434,"{0: 19, 1: 2, 2: 1, 3: 2, 4: 1}",0
56,False,"{'a': 0.5, 'e': 0.5696012024771592}",25,0,-90.67369378781801,"{0: 17, 1: 1, 2: 5, 3: 1, 4: 1}",0
57,False,"{'a': 0.5, 'e': 0.5639051904523875}",30,0,4.310004597401305,"{0: 26, 1: 2, 2: 2, 3: 0, 4: 0}",0
58,False,"{'a': 0.5, 'e': 0.5582661385478637}",25,8,-46.27007711367318,"{0: 13, 1: 1, 2: 2, 3: 0, 4: 1}",1
59,False,"{'a': 0.5, 'e': 0.5526834771623851}",25,8,-13.803752325721227,"{0: 13, 1: 1, 2: 3, 3: 0, 4: 0}",1
60,False,"{'a': 0.5, 'e': 0.5471566423907612}",20,0,-25.90085007205778,"{0: 14, 1: 3, 2: 3, 3: 0, 4: 0}",0
61,False,"{'a': 0.5, 'e': 0.5416850759668536}",25,17,-27.32267252062267,"{0: 7, 1: 0, 2: 0, 3: 0, 4: 1}",1
62,False,"{'a': 0.5, 'e': 0.536268225207185}",30,0,-81.27393828598011,"{0: 24, 1: 1, 2: 3, 3: 0, 4: 2}",1
63,False,"{'a': 0.5, 'e': 0.5309055429551132}",25,0,-105.94377973529265,"{0: 18, 1: 2, 2: 2, 3: 1, 4: 2}",0
64,False,"{'a': 0.5, 'e': 0.525596487525562}",30,16,12.360909652181725,"{0: 13, 1: 0, 2: 1, 3: 0, 4: 0}",1
65,False,"{'a': 0.5, 'e': 0.5203405226503064}",20,12,0.13293078188514196,"{0: 7, 1: 0, 2: 1, 3: 0, 4: 0}",1
66,False,"{'a': 0.5, 'e': 0.5151371174238033}",25,0,-19.322626322069425,"{0: 21, 1: 0, 2: 3, 3: 1, 4: 0}",0
67,False,"{'a': 0.5, 'e': 0.5099857462495653}",25,11,-17.57810730054016,"{0: 12, 1: 0, 2: 0, 3: 2, 4: 0}",1
68,False,"{'a': 0.5, 'e': 0.5048858887870696}",25,4,-57.06661025192363,"{0: 16, 1: 1, 2: 3, 3: 0, 4: 1}",1
69,False,"{'a': 0.5, 'e': 0.4998370298991989}",20,5,11.585437066156238,"{0: 14, 1: 0, 2: 1, 3: 0, 4: 0}",1
70,False,"{'a': 0.5, 'e': 0.49483865960020695}",20,0,-40.39394582443557,"{0: 16, 1: 1, 2: 2, 3: 0, 4: 1}",0
71,False,"{'a': 0.5, 'e': 0.4898902730042049}",25,11,-48.25689630410156,"{0: 10, 1: 1, 2: 2, 3: 0, 4: 1}",1
72,False,"{'a': 0.5, 'e': 0.48499137027416284}",20,0,-30.81913915494076,"{0: 17, 1: 1, 2: 1, 3: 0, 4: 1}",0
73,False,"{'a': 0.5, 'e': 0.4801414565714212}",20,0,6.6929810031045625,"{0: 18, 1: 1, 2: 1, 3: 0, 4: 0}",0
74,False,"{'a': 0.5, 'e': 0.47534004200570695}",30,23,8.01484008754116,"{0: 6, 1: 1, 2: 0, 3: 0, 4: 0}",1
75,False,"{'a': 0.5, 'e': 0.4705866415856499}",25,0,10.734911932327792,"{0: 23, 1: 0, 2: 2, 3: 0, 4: 0}",0
76,False,"{'a': 0.5, 'e': 0.46588077516979337}",30,4,-64.02454433606815,"{0: 20, 1: 1, 2: 3, 3: 1, 4: 1}",1
77,False,"{'a': 0.5, 'e': 0.46122196741809546}",20,16,8.070941243065771,"{0: 4, 1: 0, 2: 0, 3: 0, 4: 0}",1
78,False,"{'a': 0.5, 'e': 0.4566097477439145}",20,3,-26.29390612128639,"{0: 15, 1: 0, 2: 1, 3: 0, 4: 1}",1
79,False,"{'a': 0.5, 'e': 0.45204365026647536}",25,13,-48.96857236793958,"{0: 8, 1: 2, 2: 1, 3: 0, 4: 1}",1
80,False,"{'a': 0.5, 'e': 0.4475232137638106}",20,0,-89.18385142302827,"{0: 14, 1: 0, 2: 3, 3: 2, 4: 1}",0
81,False,"{'a': 0.5, 'e': 0.4430479816261725}",20,0,18.27874173045656,"{0: 19, 1: 0, 2: 1, 3: 0, 4: 0}",0
82,False,"{'a': 0.5, 'e': 0.43861750180991077}",35,7,-57.697501263929446,"{0: 23, 1: 1, 2: 2, 3: 1, 4: 1}",1
83,False,"{'a': 0.5, 'e': 0.43423132679181164}",25,15,17.172254633220554,"{0: 10, 1: 0, 2: 0, 3: 0, 4: 0}",1
84,False,"{'a': 0.5, 'e': 0.4298890135238935}",30,7,-32.257979974224234,"{0: 19, 1: 1, 2: 2, 3: 0, 4: 1}",1
85,False,"{'a': 0.5, 'e': 0.4255901233886546}",20,13,-9.494450019639455,"{0: 6, 1: 0, 2: 0, 3: 1, 4: 0}",1
86,False,"{'a': 0.5, 'e': 0.421334222154768}",30,0,-51.798126167954166,"{0: 25, 1: 1, 2: 2, 3: 1, 4: 1}",0
87,False,"{'a': 0.5, 'e': 0.41712087993322033}",20,5,-25.429584288168336,"{0: 13, 1: 0, 2: 1, 3: 0, 4: 1}",1
88,False,"{'a': 0.5, 'e': 0.41294967113388814}",20,8,0.6471395652947152,"{0: 10, 1: 0, 2: 2, 3: 0, 4: 0}",1
89,False,"{'a': 0.5, 'e': 0.40882017442254925}",25,13,-0.19463894437468143,"{0: 10, 1: 0, 2: 2, 3: 0, 4: 0}",1
90,False,"{'a': 0.5, 'e': 0.4047319726783238}",25,15,17.23247304306683,"{0: 10, 1: 0, 2: 0, 3: 0, 4: 0}",1
91,False,"{'a': 0.5, 'e': 0.40068465295154054}",35,0,-11.35987975491155,"{0: 31, 1: 0, 2: 3, 3: 1, 4: 0}",0
92,False,"{'a': 0.5, 'e': 0.3966778064220251}",25,1,35.20764312426578,"{0: 24, 1: 0, 2: 0, 3: 0, 4: 0}",1
93,False,"{'a': 0.5, 'e': 0.39271102835780486}",25,0,-110.0561165478926,"{0: 17, 1: 2, 2: 3, 3: 1, 4: 2}",0
94,False,"{'a': 0.5, 'e': 0.3887839180742268}",20,10,1.3192405350334793,"{0: 9, 1: 0, 2: 1, 3: 0, 4: 0}",1
95,False,"{'a': 0.5, 'e': 0.38489607889348454}",20,12,-71.3442983783861,"{0: 6, 1: 0, 2: 0, 3: 0, 4: 2}",1
96,False,"{'a': 0.5, 'e': 0.38104711810454966}",20,12,-18.266087238629233,"{0: 6, 1: 0, 2: 1, 3: 1, 4: 0}",1
97,False,"{'a': 0.5, 'e': 0.37723664692350417}",25,5,0.8746576015071168,"{0: 17, 1: 1, 2: 2, 3: 0, 4: 0}",1
98,False,"{'a': 0.5, 'e': 0.37346428045426916}",20,0,-9.612722339465241,"{0: 18, 1: 0, 2: 1, 3: 1, 4: 0}",0
99,False,"{'a': 0.5, 'e': 0.36972963764972644}",20,8,-5.042644196891957,"{0: 11, 1: 0, 2: 0, 3: 1, 4: 0}",1
100,False,"{'a': 0.5, 'e': 0.3660323412732292}",30,15,-48.007309361468494,"{0: 11, 1: 0, 2: 3, 3: 0, 4: 1}",1
101,False,"{'a': 0.5, 'e': 0.3623720178604969}",20,8,18.090575752783028,"{0: 12, 1: 0, 2: 0, 3: 0, 4: 0}",1
102,False,"{'a': 0.5, 'e': 0.3587482976818919}",20,2,5.927804404311996,"{0: 16, 1: 0, 2: 2, 3: 0, 4: 0}",1
103,False,"{'a': 0.5, 'e': 0.355160814705073}",20,0,-36.37093982072488,"{0: 17, 1: 0, 2: 2, 3: 0, 4: 1}",0
104,False,"{'a': 0.5, 'e': 0.35160920655802225}",20,6,9.766053610992659,"{0: 13, 1: 0, 2: 1, 3: 0, 4: 0}",1
105,False,"{'a': 0.5, 'e': 0.348093114492442}",25,7,29.029092114845156,"{0: 17, 1: 1, 2: 0, 3: 0, 4: 0}",1
106,False,"{'a': 0.5, 'e': 0.3446121833475176}",25,14,5.856397387395361,"{0: 9, 1: 1, 2: 1, 3: 0, 4: 0}",1
107,False,"{'a': 0.5, 'e': 0.34116606151404244}",20,14,9.075895519553521,"{0: 6, 1: 0, 2: 0, 3: 0, 4: 0}",1
108,False,"{'a': 0.5, 'e': 0.337754400898902}",20,16,9.793827268473837,"{0: 4, 1: 0, 2: 0, 3: 0, 4: 0}",1
109,False,"{'a': 0.5, 'e': 0.334376856889913}",20,7,12.9890045127844,"{0: 12, 1: 0, 2: 1, 3: 0, 4: 0}",1
110,False,"{'a': 0.5, 'e': 0.33103308832101386}",20,10,-39.31139646029286,"{0: 7, 1: 2, 2: 0, 3: 0, 4: 1}",1
111,False,"{'a': 0.5, 'e': 0.3277227574378037}",25,17,16.007049272168345,"{0: 8, 1: 0, 2: 0, 3: 0, 4: 0}",1
112,False,"{'a': 0.5, 'e': 0.3244455298634257}",25,15,17.171976756769755,"{0: 10, 1: 0, 2: 0, 3: 0, 4: 0}",1
113,False,"{'a': 0.5, 'e': 0.3212010745647914}",20,0,19.781255816643842,"{0: 19, 1: 0, 2: 1, 3: 0, 4: 0}",0
114,False,"{'a': 0.5, 'e': 0.3179890638191435}",25,11,-41.77122260552767,"{0: 11, 1: 0, 2: 2, 3: 0, 4: 1}",1
115,False,"{'a': 0.5, 'e': 0.31480917318095203}",20,0,-88.13336257248794,"{0: 16, 1: 0, 2: 1, 3: 1, 4: 2}",0
116,False,"{'a': 0.5, 'e': 0.3116610814491425}",20,15,4.268860790967647,"{0: 4, 1: 1, 2: 0, 3: 0, 4: 0}",1
117,False,"{'a': 0.5, 'e': 0.30854447063465107}",20,1,19.303572929425027,"{0: 18, 1: 1, 2: 0, 3: 0, 4: 0}",1
118,False,"{'a': 0.5, 'e': 0.3054590259283046}",20,7,12.560849093126556,"{0: 11, 1: 2, 2: 0, 3: 0, 4: 0}",1
119,False,"{'a': 0.5, 'e': 0.30240443566902153}",25,8,1.6349162434766005,"{0: 14, 1: 2, 2: 1, 3: 0, 4: 0}",1
120,False,"{'a': 0.5, 'e': 0.2993803913123313}",20,14,-0.21319663379041676,"{0: 5, 1: 0, 2: 1, 3: 0, 4: 0}",1
121,False,"{'a': 0.5, 'e': 0.296386587399208}",25,12,2.8383942540021287,"{0: 10, 1: 3, 2: 0, 3: 0, 4: 0}",1
122,False,"{'a': 0.5, 'e': 0.2934227215252159}",20,10,-35.43382615494327,"{0: 8, 1: 0, 2: 1, 3: 0, 4: 1}",1
123,False,"{'a': 0.5, 'e': 0.29048849430996376}",20,14,4.152616772060108,"{0: 5, 1: 1, 2: 0, 3: 0, 4: 0}",1
124,False,"{'a': 0.5, 'e': 0.2875836093668641}",25,17,-13.594755088298442,"{0: 6, 1: 0, 2: 2, 3: 0, 4: 0}",1
125,False,"{'a': 0.5, 'e': 0.28470777327319546}",20,9,-12.739151888039666,"{0: 9, 1: 1, 2: 0, 3: 1, 4: 0}",1
126,False,"{'a': 0.5, 'e': 0.2818606955404635}",25,0,7.135739782883477,"{0: 23, 1: 1, 2: 0, 3: 1, 4: 0}",0
127,False,"{'a': 0.5, 'e': 0.27904208858505886}",35,0,-65.94496678235764,"{0: 28, 1: 1, 2: 2, 3: 4, 4: 0}",0
128,False,"{'a': 0.5, 'e': 0.2762516676992083}",25,9,-12.76545925806949,"{0: 12, 1: 3, 2: 0, 3: 1, 4: 0}",1
129,False,"{'a': 0.5, 'e': 0.2734891510222162}",30,4,7.461331143340334,"{0: 23, 1: 1, 2: 2, 3: 0, 4: 0}",1
130,False,"{'a': 0.5, 'e': 0.27075425951199406}",35,0,-55.42244949061519,"{0: 28, 1: 0, 2: 5, 3: 2, 4: 0}",0
131,False,"{'a': 0.5, 'e': 0.2680467169168741}",25,17,14.29000449429364,"{0: 8, 1: 0, 2: 0, 3: 0, 4: 0}",1
132,False,"{'a': 0.5, 'e': 0.26536624974770534}",25,16,14.723100744143906,"{0: 9, 1: 0, 2: 0, 3: 0, 4: 0}",1
133,False,"{'a': 0.5, 'e': 0.2627125872502283}",20,5,-32.79743648202119,"{0: 13, 1: 0, 2: 1, 3: 0, 4: 1}",1
134,False,"{'a': 0.5, 'e': 0.26008546137772603}",30,14,-4.997782409035457,"{0: 13, 1: 1, 2: 2, 3: 0, 4: 0}",1
135,False,"{'a': 0.5, 'e': 0.25748460676394874}",20,12,9.029415457568318,"{0: 7, 1: 1, 2: 0, 3: 0, 4: 0}",1
136,False,"{'a': 0.5, 'e': 0.2549097606963093}",25,11,30.408267822808625,"{0: 14, 1: 0, 2: 0, 3: 0, 4: 0}",1
137,False,"{'a': 0.5, 'e': 0.2523606630893462}",25,7,11.220256253026715,"{0: 17, 1: 0, 2: 0, 3: 1, 4: 0}",1
138,False,"{'a': 0.5, 'e': 0.2498370564584527}",20,8,22.348442886661793,"{0: 12, 1: 0, 2: 0, 3: 0, 4: 0}",1
139,False,"{'a': 0.5, 'e': 0.24733868589386818}",25,17,3.9354133021091795,"{0: 7, 1: 0, 2: 1, 3: 0, 4: 0}",1
140,False,"{'a': 0.5, 'e': 0.24486529903492948}",25,5,18.119361639020525,"{0: 19, 1: 0, 2: 1, 3: 0, 4: 0}",1
141,False,"{'a': 0.5, 'e': 0.2424166460445802}",20,0,35.17978760787866,"{0: 20, 1: 0, 2: 0, 3: 0, 4: 0}",1
142,False,"{'a': 0.5, 'e': 0.2399924795841344}",35,6,12.442296544614894,"{0: 26, 1: 0, 2: 3, 3: 0, 4: 0}",1
143,False,"{'a': 0.5, 'e': 0.23759255478829303}",30,4,1.8130523887561096,"{0: 25, 1: 0, 2: 0, 3: 0, 4: 1}",1
144,False,"{'a': 0.5, 'e': 0.23521662924041012}",20,13,6.538210050383416,"{0: 6, 1: 1, 2: 0, 3: 0, 4: 0}",1
145,False,"{'a': 0.5, 'e': 0.232864462948006}",20,15,10.12677691048523,"{0: 5, 1: 0, 2: 0, 3: 0, 4: 0}",1
146,False,"{'a': 0.5, 'e': 0.23053581831852593}",25,0,19.82211439976701,"{0: 23, 1: 1, 2: 1, 3: 0, 4: 0}",0
147,False,"{'a': 0.5, 'e': 0.22823046013534068}",30,21,15.423896250045809,"{0: 9, 1: 0, 2: 0, 3: 0, 4: 0}",1
148,False,"{'a': 0.5, 'e': 0.22594815553398728}",25,0,15.572277840625741,"{0: 24, 1: 0, 2: 0, 3: 1, 4: 0}",0
149,False,"{'a': 0.5, 'e': 0.2236886739786474}",25,13,17.149589426936387,"{0: 11, 1: 1, 2: 0, 3: 0, 4: 0}",1
150,False,"{'a': 0.5, 'e': 0.22145178723886091}",30,18,11.86927385202803,"{0: 11, 1: 0, 2: 1, 3: 0, 4: 0}",1
151,False,"{'a': 0.5, 'e': 0.2192372693664723}",25,11,-23.397136038393224,"{0: 11, 1: 0, 2: 2, 3: 1, 4: 0}",1
152,False,"{'a': 0.5, 'e': 0.21704489667280757}",20,2,16.59697213620363,"{0: 17, 1: 0, 2: 1, 3: 0, 4: 0}",1
153,False,"{'a': 0.5, 'e': 0.2148744477060795}",25,5,26.84403827825517,"{0: 19, 1: 1, 2: 0, 3: 0, 4: 0}",1
154,False,"{'a': 0.5, 'e': 0.2127257032290187}",20,1,28.88696729784696,"{0: 19, 1: 0, 2: 0, 3: 0, 4: 0}",1
155,False,"{'a': 0.5, 'e': 0.21059844619672852}",20,9,18.428083494109057,"{0: 11, 1: 0, 2: 0, 3: 0, 4: 0}",1
156,False,"{'a': 0.5, 'e': 0.20849246173476124}",30,13,-72.84545544352495,"{0: 13, 1: 1, 2: 1, 3: 0, 4: 2}",1
157,False,"{'a': 0.5, 'e': 0.2064075371174136}",30,17,19.12272010783491,"{0: 12, 1: 1, 2: 0, 3: 0, 4: 0}",1
158,False,"{'a': 0.5, 'e': 0.2043434617462395}",20,8,22.604439740651973,"{0: 12, 1: 0, 2: 0, 3: 0, 4: 0}",1
159,False,"{'a': 0.5, 'e': 0.2023000271287771}",20,8,19.625597845302735,"{0: 12, 1: 0, 2: 0, 3: 0, 4: 0}",1
160,False,"{'a': 0.5, 'e': 0.2002770268574893}",20,10,5.898186552518018,"{0: 9, 1: 0, 2: 1, 3: 0, 4: 0}",1
161,False,"{'a': 0.5, 'e': 0.19827425658891443}",25,11,-75.29621871164571,"{0: 10, 1: 1, 2: 1, 3: 0, 4: 2}",1
162,False,"{'a': 0.5, 'e': 0.19629151402302528}",20,0,-22.91835708587932,"{0: 18, 1: 0, 2: 1, 3: 0, 4: 1}",0
163,False,"{'a': 0.5, 'e': 0.19432859888279502}",30,11,19.591123043675427,"{0: 18, 1: 0, 2: 1, 3: 0, 4: 0}",1
164,False,"{'a': 0.5, 'e': 0.19238531289396707}",35,16,-1.0203013713294713,"{0: 15, 1: 1, 2: 3, 3: 0, 4: 0}",1
165,False,"{'a': 0.5, 'e': 0.1904614597650274}",25,6,-31.822821844893106,"{0: 16, 1: 0, 2: 2, 3: 0, 4: 1}",1
166,False,"{'a': 0.5, 'e': 0.1885568451673771}",25,0,39.18563923076133,"{0: 25, 1: 0, 2: 0, 3: 0, 4: 0}",0
167,False,"{'a': 0.5, 'e': 0.18667127671570335}",20,10,18.135490978907953,"{0: 10, 1: 0, 2: 0, 3: 0, 4: 0}",1
168,False,"{'a': 0.5, 'e': 0.1848045639485463}",30,15,17.173214327974982,"{0: 14, 1: 0, 2: 1, 3: 0, 4: 0}",1
169,False,"{'a': 0.5, 'e': 0.18295651830906084}",20,3,-8.23280255741777,"{0: 14, 1: 0, 2: 3, 3: 0, 4: 0}",1
170,False,"{'a': 0.5, 'e': 0.18112695312597024}",25,11,27.04382376180992,"{0: 14, 1: 0, 2: 0, 3: 0, 4: 0}",1
171,False,"{'a': 0.5, 'e': 0.17931568359471053}",25,15,-37.08518470376703,"{0: 8, 1: 0, 2: 1, 3: 0, 4: 1}",1
172,False,"{'a': 0.5, 'e': 0.17752252675876343}",25,16,17.914372050724612,"{0: 9, 1: 0, 2: 0, 3: 0, 4: 0}",1
173,False,"{'a': 0.5, 'e': 0.1757473014911758}",20,12,-29.276927303946753,"{0: 7, 1: 0, 2: 0, 3: 0, 4: 1}",1
174,False,"{'a': 0.5, 'e': 0.173989828476264}",20,5,17.515180070578488,"{0: 14, 1: 0, 2: 1, 3: 0, 4: 0}",1
175,False,"{'a': 0.5, 'e': 0.1722499301915014}",25,7,18.114634844251103,"{0: 17, 1: 0, 2: 1, 3: 0, 4: 0}",1
176,False,"{'a': 0.5, 'e': 0.17052743088958636}",20,2,-11.691007484055609,"{0: 17, 1: 0, 2: 0, 3: 0, 4: 1}",1
177,False,"{'a': 0.5, 'e': 0.1688221565806905}",20,0,18.492611574570955,"{0: 19, 1: 0, 2: 1, 3: 0, 4: 0}",0
178,False,"{'a': 0.5, 'e': 0.1671339350148836}",20,6,23.51769910378722,"{0: 14, 1: 0, 2: 0, 3: 0, 4: 0}",1
179,False,"{'a': 0.5, 'e': 0.16546259566473476}",20,9,14.901677132416356,"{0: 10, 1: 1, 2: 0, 3: 0, 4: 0}",1
180,False,"{'a': 0.5, 'e': 0.16380796970808742}",20,8,21.922908731090356,"{0: 12, 1: 0, 2: 0, 3: 0, 4: 0}",1
181,False,"{'a': 0.5, 'e': 0.16216989001100654}",20,9,8.786491562689589,"{0: 10, 1: 0, 2: 1, 3: 0, 4: 0}",1
182,False,"{'a': 0.5, 'e': 0.16054819111089647}",20,3,25.053493489219495,"{0: 17, 1: 0, 2: 0, 3: 0, 4: 0}",1
183,False,"{'a': 0.5, 'e': 0.1589427091997875}",25,11,5.234041544296431,"{0: 13, 1: 0, 2: 0, 3: 1, 4: 0}",1
184,False,"{'a': 0.5, 'e': 0.15735328210778962}",35,9,3.9663190504517845,"{0: 25, 1: 0, 2: 0, 3: 0, 4: 1}",1
185,False,"{'a': 0.5, 'e': 0.15577974928671173}",35,21,20.2565668750031,"{0: 14, 1: 0, 2: 0, 3: 0, 4: 0}",1
186,False,"{'a': 0.5, 'e': 0.1542219517938446}",20,2,11.51645083679072,"{0: 17, 1: 0, 2: 1, 3: 0, 4: 0}",1
187,False,"{'a': 0.5, 'e': 0.15267973227590617}",25,0,28.205892868837203,"{0: 24, 1: 1, 2: 0, 3: 0, 4: 0}",0
188,False,"{'a': 0.5, 'e': 0.1511529349531471}",30,13,19.373992032017114,"{0: 16, 1: 0, 2: 1, 3: 0, 4: 0}",1
189,False,"{'a': 0.5, 'e': 0.14964140560361563}",20,0,20.520019962460587,"{0: 19, 1: 0, 2: 1, 3: 0, 4: 0}",0
190,False,"{'a': 0.5, 'e': 0.14814499154757946}",25,14,8.882758163878053,"{0: 10, 1: 0, 2: 1, 3: 0, 4: 0}",1
191,False,"{'a': 0.5, 'e': 0.14666354163210368}",20,10,20.59059211890948,"{0: 10, 1: 0, 2: 0, 3: 0, 4: 0}",1
192,False,"{'a': 0.5, 'e': 0.14519690621578263}",30,7,36.01147663936599,"{0: 23, 1: 0, 2: 0, 3: 0, 4: 0}",1
193,False,"{'a': 0.5, 'e': 0.1437449371536248}",20,10,18.845981947983567,"{0: 10, 1: 0, 2: 0, 3: 0, 4: 0}",1
194,False,"{'a': 0.5, 'e': 0.14230748778208857}",25,0,32.36298766315161,"{0: 24, 1: 0, 2: 1, 3: 0, 4: 0}",0
195,False,"{'a': 0.5, 'e': 0.14088441290426768}",25,15,-13.847036736929217,"{0: 8, 1: 0, 2: 1, 3: 1, 4: 0}",1
196,False,"{'a': 0.5, 'e': 0.139475568775225}",25,5,35.729299032753545,"{0: 20, 1: 0, 2: 0, 3: 0, 4: 0}",1
197,False,"{'a': 0.5, 'e': 0.13808081308747275}",20,0,31.54224879039733,"{0: 20, 1: 0, 2: 0, 3: 0, 4: 0}",0
198,False,"{'a': 0.5, 'e': 0.136700004956598}",20,7,0.1911456037792978,"{0: 12, 1: 0, 2: 0, 3: 1, 4: 0}",1
199,False,"{'a': 0.5, 'e': 0.13533300490703204}",20,1,4.277843738802647,"{0: 17, 1: 0, 2: 2, 3: 0, 4: 0}",1
200,False,"{'a': 0.5, 'e': 0.13397967485796172}",20,5,12.686125429218015,"{0: 14, 1: 0, 2: 1, 3: 0, 4: 0}",1
201,False,"{'a': 0.5, 'e': 0.1326398781093821}",20,13,8.598040968906776,"{0: 6, 1: 1, 2: 0, 3: 0, 4: 0}",1
202,False,"{'a': 0.5, 'e': 0.13131347932828827}",20,11,-24.421845466548127,"{0: 8, 1: 0, 2: 0, 3: 0, 4: 1}",1
203,False,"{'a': 0.5, 'e': 0.1300003445350054}",20,4,15.71541960317632,"{0: 15, 1: 0, 2: 1, 3: 0, 4: 0}",1
204,False,"{'a': 0.5, 'e': 0.12870034108965533}",20,10,4.6921794450837435,"{0: 9, 1: 0, 2: 1, 3: 0, 4: 0}",1
205,False,"{'a': 0.5, 'e': 0.1274133376787588}",20,6,25.939989468648292,"{0: 14, 1: 0, 2: 0, 3: 0, 4: 0}",1
206,False,"{'a': 0.5, 'e': 0.12613920430197118}",25,11,24.029495209187715,"{0: 14, 1: 0, 2: 0, 3: 0, 4: 0}",1
207,False,"{'a': 0.5, 'e': 0.12487781225895148}",30,16,24.941973519951087,"{0: 14, 1: 0, 2: 0, 3: 0, 4: 0}",1
208,False,"{'a': 0.5, 'e': 0.12362903413636196}",20,14,13.9350734444434,"{0: 6, 1: 0, 2: 0, 3: 0, 4: 0}",1
209,False,"{'a': 0.5, 'e': 0.12239274379499834}",30,24,12.036524044228134,"{0: 6, 1: 0, 2: 0, 3: 0, 4: 0}",1
210,False,"{'a': 0.5, 'e': 0.12116881635704835}",20,9,19.171415106327032,"{0: 11, 1: 0, 2: 0, 3: 0, 4: 0}",1
211,False,"{'a': 0.5, 'e': 0.11995712819347787}",20,12,18.697874318226127,"{0: 8, 1: 0, 2: 0, 3: 0, 4: 0}",1
212,False,"{'a': 0.5, 'e': 0.11875755691154309}",25,13,23.363740743945097,"{0: 12, 1: 0, 2: 0, 3: 0, 4: 0}",1
213,False,"{'a': 0.5, 'e': 0.11756998134242766}",35,23,12.78205665968057,"{0: 11, 1: 0, 2: 1, 3: 0, 4: 0}",1
214,False,"{'a': 0.5, 'e': 0.11639428152900338}",20,9,19.384722566363134,"{0: 11, 1: 0, 2: 0, 3: 0, 4: 0}",1
215,False,"{'a': 0.5, 'e': 0.11523033871371334}",20,12,13.143148285364125,"{0: 8, 1: 0, 2: 0, 3: 0, 4: 0}",1
216,False,"{'a': 0.5, 'e': 0.1140780353265762}",20,2,28.77391670196418,"{0: 18, 1: 0, 2: 0, 3: 0, 4: 0}",1
217,False,"{'a': 0.5, 'e': 0.11293725497331045}",20,10,18.307018566490534,"{0: 10, 1: 0, 2: 0, 3: 0, 4: 0}",1
218,False,"{'a': 0.5, 'e': 0.11180788242357734}",20,5,8.682287265421532,"{0: 13, 1: 1, 2: 1, 3: 0, 4: 0}",1
219,False,"{'a': 0.5, 'e': 0.11068980359934157}",20,16,7.750379167425048,"{0: 4, 1: 0, 2: 0, 3: 0, 4: 0}",1
220,False,"{'a': 0.5, 'e': 0.10958290556334815}",25,17,14.847227781031245,"{0: 8, 1: 0, 2: 0, 3: 0, 4: 0}",1
221,False,"{'a': 0.5, 'e': 0.10848707650771466}",30,21,17.839098013539424,"{0: 9, 1: 0, 2: 0, 3: 0, 4: 0}",1
222,False,"{'a': 0.5, 'e': 0.10740220574263752}",20,6,22.18417501436856,"{0: 14, 1: 0, 2: 0, 3: 0, 4: 0}",1
223,False,"{'a': 0.5, 'e': 0.10632818368521114}",25,14,22.715662696639235,"{0: 11, 1: 0, 2: 0, 3: 0, 4: 0}",1
224,False,"{'a': 0.5, 'e': 0.10526490184835903}",25,16,19.365221397858544,"{0: 9, 1: 0, 2: 0, 3: 0, 4: 0}",1
225,False,"{'a': 0.5, 'e': 0.10421225282987544}",20,0,28.450201055812634,"{0: 20, 1: 0, 2: 0, 3: 0, 4: 0}",1
226,False,"{'a': 0.5, 'e': 0.10317013030157669}",30,20,18.978015168976537,"{0: 10, 1: 0, 2: 0, 3: 0, 4: 0}",1
227,False,"{'a': 0.5, 'e': 0.10213842899856092}",25,0,12.946058354686837,"{0: 23, 1: 0, 2: 2, 3: 0, 4: 0}",0
228,False,"{'a': 0.5, 'e': 0.10111704470857531}",20,13,14.886544758318617,"{0: 7, 1: 0, 2: 0, 3: 0, 4: 0}",1
229,False,"{'a': 0.5, 'e': 0.10010587426148955}",30,0,37.648542693506556,"{0: 29, 1: 1, 2: 0, 3: 0, 4: 0}",0
230,False,"{'a': 0.5, 'e': 0.09910481551887466}",30,14,26.92298319383424,"{0: 16, 1: 0, 2: 0, 3: 0, 4: 0}",1
231,False,"{'a': 0.5, 'e': 0.0981137673636859}",20,0,31.85300168125541,"{0: 20, 1: 0, 2: 0, 3: 0, 4: 0}",0
232,False,"{'a': 0.5, 'e': 0.09713262969004904}",30,3,-11.099662613935221,"{0: 25, 1: 0, 2: 1, 3: 0, 4: 1}",1
233,False,"{'a': 0.5, 'e': 0.09616130339314856}",20,11,14.738855722647138,"{0: 9, 1: 0, 2: 0, 3: 0, 4: 0}",1
234,False,"{'a': 0.5, 'e': 0.09519969035921708}",30,12,7.463315160097383,"{0: 16, 1: 0, 2: 2, 3: 0, 4: 0}",1
235,False,"{'a': 0.5, 'e': 0.0942476934556249}",20,7,25.276095526649645,"{0: 13, 1: 0, 2: 0, 3: 0, 4: 0}",1
236,False,"{'a': 0.5, 'e': 0.09330521652106866}",25,11,22.787668031836617,"{0: 14, 1: 0, 2: 0, 3: 0, 4: 0}",1
237,False,"{'a': 0.5, 'e': 0.09237216435585796}",25,12,9.449572598267917,"{0: 12, 1: 0, 2: 1, 3: 0, 4: 0}",1
238,False,"{'a': 0.5, 'e': 0.09144844271229938}",25,15,20.921920702331374,"{0: 10, 1: 0, 2: 0, 3: 0, 4: 0}",1
239,False,"{'a': 0.5, 'e': 0.0905339582851764}",20,9,9.819460418403583,"{0: 10, 1: 0, 2: 1, 3: 0, 4: 0}",1
240,False,"{'a': 0.5, 'e': 0.08962861870232462}",20,6,25.014409388118803,"{0: 14, 1: 0, 2: 0, 3: 0, 4: 0}",1
241,False,"{'a': 0.5, 'e': 0.08873233251530138}",20,11,16.950149822728175,"{0: 9, 1: 0, 2: 0, 3: 0, 4: 0}",1
242,False,"{'a': 0.5, 'e': 0.08784500919014836}",25,1,-19.381368596353862,"{0: 21, 1: 1, 2: 1, 3: 0, 4: 1}",1
243,False,"{'a': 0.5, 'e': 0.08696655909824688}",25,15,8.980025207294148,"{0: 9, 1: 0, 2: 1, 3: 0, 4: 0}",1
244,False,"{'a': 0.5, 'e': 0.0860968935072644}",25,9,23.166531936919483,"{0: 16, 1: 0, 2: 0, 3: 0, 4: 0}",1
245,False,"{'a': 0.5, 'e': 0.08523592457219176}",20,13,14.988315612647684,"{0: 7, 1: 0, 2: 0, 3: 0, 4: 0}",1
246,False,"{'a': 0.5, 'e': 0.08438356532646984}",25,14,20.33947658250582,"{0: 11, 1: 0, 2: 0, 3: 0, 4: 0}",1
247,False,"{'a': 0.5, 'e': 0.08353972967320515}",35,21,25.351900756760536,"{0: 14, 1: 0, 2: 0, 3: 0, 4: 0}",1
248,False,"{'a': 0.5, 'e': 0.0827043323764731}",25,3,17.27740828960354,"{0: 21, 1: 0, 2: 0, 3: 1, 4: 0}",1
249,False,"{'a': 0.5, 'e': 0.08187728905270836}",25,5,-4.266660125782152,"{0: 19, 1: 0, 2: 0, 3: 0, 4: 1}",1
250,False,"{'a': 0.5, 'e': 0.08105851616218128}",30,17,19.143614004125308,"{0: 13, 1: 0, 2: 0, 3: 0, 4: 0}",1
251,False,"{'a': 0.5, 'e': 0.08024793100055946}",25,13,10.397972427960438,"{0: 11, 1: 0, 2: 1, 3: 0, 4: 0}",1
252,False,"{'a': 0.5, 'e': 0.07944545169055386}",25,18,15.134400275761292,"{0: 7, 1: 0, 2: 0, 3: 0, 4: 0}",1
253,False,"{'a': 0.5, 'e': 0.07865099717364833}",20,10,17.883091863298315,"{0: 10, 1: 0, 2: 0, 3: 0, 4: 0}",1
254,False,"{'a': 0.5, 'e': 0.07786448720191184}",25,14,20.215374069246707,"{0: 11, 1: 0, 2: 0, 3: 0, 4: 0}",1
255,False,"{'a': 0.5, 'e': 0.07708584232989273}",20,8,21.30926199221938,"{0: 12, 1: 0, 2: 0, 3: 0, 4: 0}",1
256,False,"{'a': 0.5, 'e': 0.0763149839065938}",20,16,8.255711205643305,"{0: 4, 1: 0, 2: 0, 3: 0, 4: 0}",1
257,False,"{'a': 0.5, 'e': 0.07555183406752786}",20,8,21.059513601954507,"{0: 12, 1: 0, 2: 0, 3: 0, 4: 0}",1
258,False,"{'a': 0.5, 'e': 0.07479631572685258}",20,2,34.774079106038734,"{0: 18, 1: 0, 2: 0, 3: 0, 4: 0}",1
259,False,"{'a': 0.5, 'e': 0.07404835256958406}",20,10,-33.831778931120475,"{0: 8, 1: 0, 2: 1, 3: 0, 4: 1}",1
260,False,"{'a': 0.5, 'e': 0.07330786904388821}",25,10,27.036321188463326,"{0: 15, 1: 0, 2: 0, 3: 0, 4: 0}",1
261,False,"{'a': 0.5, 'e': 0.07257479035344933}",25,13,22.981984281008003,"{0: 12, 1: 0, 2: 0, 3: 0, 4: 0}",1
262,False,"{'a': 0.5, 'e': 0.07184904244991483}",20,14,10.909052197976623,"{0: 6, 1: 0, 2: 0, 3: 0, 4: 0}",1
263,False,"{'a': 0.5, 'e': 0.07113055202541568}",20,15,9.280147353968,"{0: 5, 1: 0, 2: 0, 3: 0, 4: 0}",1
264,False,"{'a': 0.5, 'e': 0.07041924650516153}",25,15,-24.430214691826837,"{0: 9, 1: 0, 2: 0, 3: 0, 4: 1}",1
265,False,"{'a': 0.5, 'e': 0.06971505404010991}",25,18,11.804830215084728,"{0: 7, 1: 0, 2: 0, 3: 0, 4: 0}",1
266,False,"{'a': 0.5, 'e': 0.06901790349970881}",20,6,24.564579050283093,"{0: 14, 1: 0, 2: 0, 3: 0, 4: 0}",1
267,False,"{'a': 0.5, 'e': 0.06832772446471172}",20,0,-10.896130726720083,"{0: 19, 1: 0, 2: 0, 3: 0, 4: 1}",0
268,False,"{'a': 0.5, 'e': 0.0676444472200646}",35,26,16.138917323883895,"{0: 9, 1: 0, 2: 0, 3: 0, 4: 0}",1
269,False,"{'a': 0.5, 'e': 0.06696800274786396}",25,7,8.427292456236588,"{0: 17, 1: 0, 2: 0, 3: 1, 4: 0}",1
270,False,"{'a': 0.5, 'e': 0.06629832272038531}",25,3,32.93230019033136,"{0: 22, 1: 0, 2: 0, 3: 0, 4: 0}",1
271,False,"{'a': 0.5, 'e': 0.06563533949318147}",30,14,18.9635782968507,"{0: 15, 1: 0, 2: 1, 3: 0, 4: 0}",1
272,False,"{'a': 0.5, 'e': 0.06497898609824965}",20,14,11.911165098153052,"{0: 6, 1: 0, 2: 0, 3: 0, 4: 0}",1
273,False,"{'a': 0.5, 'e': 0.06432919623726716}",25,8,31.50338985714577,"{0: 17, 1: 0, 2: 0, 3: 0, 4: 0}",1
274,False,"{'a': 0.5, 'e': 0.06368590427489448}",30,22,13.599698317634935,"{0: 8, 1: 0, 2: 0, 3: 0, 4: 0}",1
275,False,"{'a': 0.5, 'e': 0.06304904523214554}",25,11,12.585280504659574,"{0: 13, 1: 0, 2: 1, 3: 0, 4: 0}",1
276,False,"{'a': 0.5, 'e': 0.06241855477982408}",25,15,19.877056453240503,"{0: 10, 1: 0, 2: 0, 3: 0, 4: 0}",1
277,False,"{'a': 0.5, 'e': 0.06179436923202584}",25,8,-13.116344278760192,"{0: 16, 1: 0, 2: 0, 3: 0, 4: 1}",1
278,False,"{'a': 0.5, 'e': 0.06117642553970558}",30,14,27.726527554295824,"{0: 16, 1: 0, 2: 0, 3: 0, 4: 0}",1
279,False,"{'a': 0.5, 'e': 0.06056466128430853}",30,20,18.125275054870325,"{0: 10, 1: 0, 2: 0, 3: 0, 4: 0}",1
280,False,"{'a': 0.5, 'e': 0.05995901467146544}",20,12,16.672474952646773,"{0: 8, 1: 0, 2: 0, 3: 0, 4: 0}",1
281,False,"{'a': 0.5, 'e': 0.059359424524750785}",20,12,15.180524224091108,"{0: 8, 1: 0, 2: 0, 3: 0, 4: 0}",1
282,False,"{'a': 0.5, 'e': 0.05876583027950327}",30,18,21.89873918820059,"{0: 12, 1: 0, 2: 0, 3: 0, 4: 0}",1
283,False,"{'a': 0.5, 'e': 0.05817817197670824}",20,9,6.026909070646948,"{0: 10, 1: 0, 2: 1, 3: 0, 4: 0}",1
284,False,"{'a': 0.5, 'e': 0.05759639025694116}",20,13,14.563194767206964,"{0: 7, 1: 0, 2: 0, 3: 0, 4: 0}",1
285,False,"{'a': 0.5, 'e': 0.057020426354371746}",20,11,16.183068927935157,"{0: 9, 1: 0, 2: 0, 3: 0, 4: 0}",1
286,False,"{'a': 0.5, 'e': 0.05645022209082803}",35,24,20.933242911096514,"{0: 11, 1: 0, 2: 0, 3: 0, 4: 0}",1
287,False,"{'a': 0.5, 'e': 0.05588571986991975}",20,8,20.45273410682676,"{0: 12, 1: 0, 2: 0, 3: 0, 4: 0}",1
288,False,"{'a': 0.5, 'e': 0.05532686267122055}",20,13,16.02651619927026,"{0: 7, 1: 0, 2: 0, 3: 0, 4: 0}",1
289,False,"{'a': 0.5, 'e': 0.05477359404450834}",20,12,1.4771978061105997,"{0: 7, 1: 0, 2: 1, 3: 0, 4: 0}",1
290,False,"{'a': 0.5, 'e': 0.05422585810406326}",25,8,25.26738543199863,"{0: 17, 1: 0, 2: 0, 3: 0, 4: 0}",1
291,False,"{'a': 0.5, 'e': 0.05368359952302263}",30,18,22.215675818388817,"{0: 12, 1: 0, 2: 0, 3: 0, 4: 0}",1
292,False,"{'a': 0.5, 'e': 0.0531467635277924}",20,13,12.51374084794919,"{0: 7, 1: 0, 2: 0, 3: 0, 4: 0}",1
293,False,"{'a': 0.5, 'e': 0.05261529589251448}",25,3,37.157106594603974,"{0: 22, 1: 0, 2: 0, 3: 0, 4: 0}",1
294,False,"{'a': 0.5, 'e': 0.05208914293358933}",25,11,25.359445361181816,"{0: 14, 1: 0, 2: 0, 3: 0, 4: 0}",1
295,False,"{'a': 0.5, 'e': 0.05156825150425344}",20,6,24.302569719490805,"{0: 14, 1: 0, 2: 0, 3: 0, 4: 0}",1
296,False,"{'a': 0.5, 'e': 0.0510525689892109}",25,11,26.604620859303328,"{0: 14, 1: 0, 2: 0, 3: 0, 4: 0}",1
297,False,"{'a': 0.5, 'e': 0.050542043299318794}",25,0,27.716210858755176,"{0: 24, 1: 0, 2: 1, 3: 0, 4: 0}",1
298,False,"{'a': 0.5, 'e': 0.050036622866325604}",20,16,6.834300464664063,"{0: 4, 1: 0, 2: 0, 3: 0, 4: 0}",1
299,False,"{'a': 0.5, 'e': 0.04953625663766235}",30,17,26.600663561925806,"{0: 13, 1: 0, 2: 0, 3: 0, 4: 0}",1
1,True,"{'a': 0, 'e': 0}",25,13,25.387503505075838,"{0: 12, 1: 0, 2: 0, 3: 0, 4: 0}",1
2,True,"{'a': 0, 'e': 0}",25,18,11.841449588840451,"{0: 7, 1: 0, 2: 0, 3: 0, 4: 0}",1
3,True,"{'a': 0, 'e': 0}",25,6,31.930102863530667,"{0: 19, 1: 0, 2: 0, 3: 0, 4: 0}",1
4,True,"{'a': 0, 'e': 0}",25,16,16.208865605597957,"{0: 9, 1: 0, 2: 0, 3: 0, 4: 0}",1
5,True,"{'a': 0, 'e': 0}",20,10,18.135093110864243,"{0: 10, 1: 0, 2: 0, 3: 0, 4: 0}",1
6,True,"{'a': 0, 'e': 0}",20,16,8.876665022200724,"{0: 4, 1: 0, 2: 0, 3: 0, 4: 0}",1
7,True,"{'a': 0, 'e': 0}",25,11,25.69660737134777,"{0: 14, 1: 0, 2: 0, 3: 0, 4: 0}",1
8,True,"{'a': 0, 'e': 0}",20,11,18.055026638456805,"{0: 9, 1: 0, 2: 0, 3: 0, 4: 0}",1
9,True,"{'a': 0, 'e': 0}",35,21,28.78987377334527,"{0: 14, 1: 0, 2: 0, 3: 0, 4: 0}",1
10,True,"{'a': 0, 'e': 0}",25,15,18.673748762933432,"{0: 10, 1: 0, 2: 0, 3: 0, 4: 0}",1
